realalpha,realbeta,fitalpha,fitbeta
0.15629658325665652,30.161649791753256,0.03799361117365715,60.0
0.5923706710625638,1.1279512620563743,0.7834804418462639,1.1892256075436325
0.33687642282317076,2.289538265523963,0.3420346864138859,2.2069118589784544
0.9135290900499772,8.048194561952279,0.9901223116414173,59.999999992342346
0.7223643447497692,9.118766117018044,0.7855827789417467,11.855338255041664
0.7746274811730991,6.229692734327789,0.7802530774214105,7.3738082162717795
0.2776166804597524,36.28700394379946,0.35754122269596733,43.50018597118677
0.18755385589429585,17.04873752185548,0.22473483504915948,17.71377102411015
0.9999058599216167,22.829699159111524,0.9964240524939824,59.9999999998563
0.6498943692189231,2.279080098691325,0.4874051490355708,2.3848983872611638
0.8131948397867118,14.460801201954359,0.748539082100889,12.489818113307695
0.3693566779210069,3.7235347709267996,0.4050826382607438,3.8384776562702827
0.1561313385345231,17.31732206598708,0.15088111115195985,18.916436218484208
0.5850487837531448,3.9455861119641873,0.6070545607448898,3.755244023743214
0.8163491989982768,9.206473048845146,0.760663374494021,8.02233638098488
0.8637408790776112,17.27017208997951,0.9627504228992835,59.999999910751534
0.8107995290401135,4.332762806105897,0.822163677401542,4.149602305848859
0.6976194837946668,13.573187970621419,0.6071144366572889,11.865487190589363
0.20676978348518005,13.939967710563703,0.20951950289829233,13.188558763163478
0.4067246340195778,16.706944526316793,0.4029482700847692,13.515695682687257
0.9021788548167186,0.3898921844420322,0.5323809516151833,1.0
0.015016965690936579,8.62182364077658,0.02094983630748317,7.834151201531381
0.6280986093464201,59.315956740625296,0.6789000187448949,60.0
0.6167173414994123,15.741781546070968,0.7225233008719324,36.95566751389452
0.7434443381597695,1.0274874369389368,0.6610176257686445,1.0
0.5489532162649875,13.128164430211832,0.5478695747038959,12.921100799785735
0.04532668641609228,7.156017918592329,0.06963468668927572,6.0443316932178215
0.963829018225006,26.83027030824073,0.9872982886853254,59.99999999663969
0.6537028935069219,1.9648115920910225,0.6121277300473652,2.087879204956296
0.9927810951525687,19.512085016601542,0.9993997278093062,60.0
0.7088701320784736,24.772604897621736,0.54561029052234,15.307811827423407
0.13888024010385702,29.590031730672635,0.1992799198418518,31.44291742988604
0.8065674070044058,29.135788953925186,0.76488803744868,24.919955090733218
0.33920661815337183,1.878681189258269,0.31688635539619736,1.7682785839157846
0.42451641105949234,0.1781404628662413,0.01,1.0
0.30061620623404983,18.77088560998047,0.33793798343649867,38.719711758827174
0.6200911965931509,4.2740977167016805,0.6316694380130375,4.316868146028126
0.7308888339228571,5.3902288945286125,0.7161474106681484,4.8773636179101985
0.8548114247334635,0.6681746430453026,0.7233326601977086,1.0
0.27488061921891527,17.329520837384333,0.2762128054906091,17.21134434605023
0.32968545247057734,25.019051226663265,0.31798178456268644,60.0
0.02198155996436857,7.181234014796826,0.03088721407582459,6.515669082809235
0.6326054260807531,35.145254912248646,0.011876298602864212,27.375178792919318
0.18234268498484818,10.315390154280061,0.14438056862362592,11.018991829925625
0.3126584275605033,4.340545548084128,0.33067344369640317,4.31672617234088
0.7633168604568034,10.110697454035954,0.961742898638264,59.99194571206104
0.4522198357274563,10.188776164551488,0.3717285585055374,11.970860546042049
0.6319634142188674,8.279879532928343,0.7379976169736397,11.597907511340876
0.3305480390948904,3.3120497675611196,0.29621656133997787,3.317229307504471
0.05283193933105779,12.50276674521254,0.04005863548475355,11.729286233382215
0.4540834460717431,7.943604305087061,0.49666441287070084,6.769308583762776
0.15308841022224418,5.748029833893375,0.1395138257098707,5.4277888925112245
0.6347130453412982,33.83267147928926,0.6140010047560569,25.833705484321214
0.7795797624355933,0.7125634632551332,0.7784961631304393,1.0
0.6286965718941013,7.54977515013948,0.5516669815503278,7.279629168716309
0.46772834761084825,2.9815798894046175,0.5142381821104718,2.890601458743604
0.18217687392329973,1.761936337874102,0.1884612898998824,1.6929995268950087
0.1894265856818088,14.77250333713491,0.24151315666410034,15.566647519717108
0.3267037759221354,20.906110890865982,0.32940952404251606,17.611235294846566
0.09889430791446041,9.148757320871946,0.13012426598999705,8.252714176541552
0.35713133331042013,3.144619919053611,0.30965406927097333,3.3359654486986363
0.9561660172679622,5.6002628149226785,0.9982617766343455,59.99999999995087
0.6776720835873177,3.5249538847789634,0.5879374918819947,3.4381100463711065
0.985850388077104,8.730609151998875,0.9965889674877235,59.99999999998511
0.8130303787819817,14.025559698865447,0.9684522147703687,59.93193270802783
0.9887666068997153,5.7753867477942435,0.9944647102972971,59.99999999835803
0.46973277327893315,6.915656052029374,0.47312913999395556,6.928885110284398
0.0017468717657009858,9.66034858458166,0.01,3.7325498223094407
0.18815658088115172,28.583074327564105,0.15616809138002843,33.660591083008754
0.9225402051889993,3.1969994952379786,0.8773390856963754,3.3995873535230765
0.2359934473567986,3.7511584346377767,0.1704114030034923,3.9156321195602923
0.45049546631757964,7.669941824528838,0.5856079164678569,9.565758286037381
0.9324897372424036,3.18151973182383,0.9005635358169453,3.569202164826553
0.16533423434090166,1.326598378702363,0.21608250052941605,1.2502112065521676
0.2174005357090869,17.566546780093656,0.10047762355522899,20.08060955181443
0.13626065775302076,20.118863853727,0.04190521957391041,59.836554399910305
0.13079324003125303,7.464010515804164,0.15498566449387122,8.071873663845718
0.22810907994216967,1.4467296725569634,0.3422062655834846,1.4923575976149168
0.13640115128841457,6.120711651410044,0.08991238981201752,7.036446544581644
0.43448627285134145,54.85420807276669,0.4847839000422537,32.22085650264065
0.06907666963899728,34.434609560883665,0.09219198333040225,60.0
0.05500368849151982,6.42080789443193,0.02558482489576348,8.403042012549014
0.06765905008694006,2.128863238714176,0.0715965269492649,2.009370736958275
0.7339010097917831,0.28281727504789683,0.01,1.0
0.3651227538763332,9.965845700994356,0.27555006010735855,11.194581084509974
0.9915527552342794,4.26597253753482,0.9997931452494956,4.455171451376182
0.7825888933039914,3.783549638242582,0.7613195523208554,3.9456431356493296
0.2613395680485221,3.1297174559981693,0.2845785246933646,3.3016168515376223
0.19104939891443085,8.707901919896594,0.22386146459772405,8.583513068055641
0.49561071271559565,7.420225966404703,0.4518142862976716,6.872963370272258
0.4926980882992329,1.1444893496091906,0.4598598094013179,1.3494811329643928
0.5116761264848545,19.83336723469553,0.5119614930399319,25.947964677738454
0.1889793156407863,8.912581037871185,0.16437623609038504,8.41675246701516
0.9297962911752953,6.961342827658764,0.9270837667145878,6.121932614783438
0.7447670954866216,5.954981907466665,0.8010243619729834,7.60594512760822
0.47588538697635363,14.09802912397424,0.39051540901488513,12.385355490470804
0.6511406459744437,4.8201453585337,0.6746672104873654,5.124995400610159
0.4516956918189401,0.04926990458819981,0.01,1.0
0.44706458026888674,11.855498269861666,0.42704162867718193,9.941443240220021
0.8393570242175085,0.11458222505319546,0.01,1.0
0.3548974871343873,1.4098486900200595,0.4825414017805018,1.5924086201694692
0.773955540547024,0.8004939930041438,0.5947584456331122,1.0
0.16130523813730335,6.413615128339667,0.11339531286446278,6.662307109045951
0.4233716788668306,0.6534369416535669,0.35700180658483427,1.0
0.5746913680558503,7.164173765692768,0.5217522239298709,6.972905851166142
0.25607252792602164,1.0401004474277906,0.42562855530778027,1.0561903200375147
0.4252602931616891,12.539695256757643,0.521323519945443,16.41158533599316
0.7519079401014698,14.143674617353426,0.6839190787808456,11.141372485803883
0.5297194506327092,4.239376846117494,0.504394715818088,4.269561261189178
0.8784254250690844,23.356937881169536,0.9624243347139984,60.0
0.29073042087272605,0.2485013269983805,0.01,1.0
0.9495040842084759,24.56257477519362,0.9789126976891505,59.99999994798661
0.7192111322629297,6.498907567403949,0.7609829266728434,7.000775775428571
0.9928184576948753,13.234617399678122,1.0,7.263669054172973
0.2612590450117874,14.607875751155664,0.2443692943889258,15.54830076857368
0.7940970957503185,22.271500170334413,0.8064903543991205,23.5771761757533
0.5167308468284552,9.91066904476437,0.5492961893385916,11.663330455278595
0.988288504043945,0.7018729803061902,0.7689494368044258,1.0
0.6014808597848473,6.583653656812793,0.6906712382372966,8.154910955685322
0.4954732221521857,5.474293104129961,0.5153746252152823,5.786360030186176
0.5047374389366633,11.936773306880248,0.6645922977982793,23.699795662662567
0.46921624141398743,2.601298334693979,0.48819393484665424,2.4072968024567345
0.40158533389335693,2.421607973973229,0.46304203806849,2.4749478037032486
0.7395058065216726,20.600741529831094,0.7431262290300128,27.287068867025575
0.03941172601032161,9.242521207246009,0.019604134110431607,10.313877980269236
0.922662309140055,0.7485907722825127,0.636688154514552,1.0
0.3260324719161234,8.325804501646282,0.055792982106261504,15.138922185690374
0.08409426124485675,3.629431760008596,0.10866172920260823,3.690654411528291
0.08161582232063092,5.665159654404595,0.06735732773997652,6.037512589432818
0.6811746544335324,22.841813810728603,0.7931251617035308,59.99866693642742
0.6989991962340469,0.8383668001845688,0.7772555208152112,1.0
0.9127007373376076,9.716313761705633,0.9855293099672169,60.0
0.3715834134875575,8.763770930975408,0.5023388168622899,11.52467238688881
0.40392768904828813,17.45832655770944,0.5274287436516149,18.29352892278344
0.8695977967929314,0.4272323183471807,0.01,1.0
0.875580721341418,12.592329900248927,0.9770676951515617,59.994889447088624
0.3051878332522656,3.620948592436464,0.31812916112175044,3.495102173224854
0.5747634653780486,4.946262942975382,0.6084698885683574,4.72499477970343
0.590397963187007,7.300906904236825,0.625410602277234,6.79986353314553
0.6942875414941045,5.945565264072563,0.6835593216569057,5.680216742263266
0.7536237786047207,9.62274196362635,0.7000848362293058,9.452966486267918
0.04240183589680102,47.293336077697035,0.0430827485361998,60.0
0.7985293076171329,5.289999231307652,0.8074223765111547,6.134726450112909
0.7030758836419257,45.630282961026005,0.7186196591276653,60.0
0.7438953389909072,13.496683249188079,0.6834231271954927,12.225679231757582
0.29667600611109735,2.253725397542457,0.13419382526969206,2.338215402522428
0.7384853702528996,13.2559758047317,0.7809447896290282,14.274232353781889
0.06117565921535972,6.495663571884117,0.04182482711224345,7.065662804198098
0.2109442431330839,5.266834832505204,0.2247946456435976,5.234434061867356
0.7263104529631172,4.737621597895298,0.689090527563348,4.449408755818901
0.682084818354313,1.305255462103991,0.7697059588519981,1.1786397876076806
0.12742028617841084,24.85309344290954,0.18557368225019494,18.66311946358821
0.9872271972027999,10.113639660066582,1.0,60.0
0.2851768139871037,4.0510277766573495,0.23995305918344542,3.905869976060036
0.29552556397624574,1.782592251623778,0.44759812781768854,1.678669931970581
0.4893763884715522,9.361383751251743,0.4542333182669528,12.714367672020735
0.3916625341607499,4.6742011300152555,0.4309739616103979,4.66735532169477
0.27253121536509317,3.748729712090987,0.2571774939069249,3.9187740041296055
0.44909405911164957,3.0972292067603973,0.45257244799395774,3.2165418488246247
0.9774248937348438,1.3593520971083497,0.9951988385443135,1.3686535741811037
0.31156324383926004,3.2400014256740772,0.29119556198334956,3.4360661753192447
0.8017338199236136,1.5006459426202965,0.7986523628960058,1.7300206987235414
0.4648959694103544,14.60657322741379,0.637174292425134,36.6727198254837
0.3147766813457804,25.534007835798676,0.33661800743943066,17.852705359738597
0.9441714510874168,7.002662277452126,0.9547733838611517,6.311109079865942
0.9427261415166122,22.489545878177406,0.9811676905684843,60.0
0.9896900120198889,38.19132883748018,0.9962074429357557,60.0
0.9913243616946344,0.4896275214284329,0.5694920093804783,1.0
0.7126474007926471,0.8817726356777816,0.7417796487655448,1.0
0.753559285991311,8.416832463747681,0.7914957037392603,8.035024028337727
0.47609396088975,21.54465194083533,0.49625909619898584,24.7383808703939
0.836705159809032,1.3937356774560816,0.868991454398502,1.2999998177070382
0.13786974733090307,1.186589900069189,0.18085743976594468,1.1505126497409075
0.1219397129741352,16.207569942476155,0.13261243857181537,15.835964681547168
0.340927772592035,23.44352183887503,0.49124885358149556,60.0
0.6455431115240348,3.816814918556397,0.6160647955270964,3.9350142414753098
0.4568979067961394,5.099924809360468,0.4355018180673236,4.633557052645444
0.7774298523052433,22.704878449841125,0.848720629039954,27.070046728409437
0.7062272713019213,5.157292036688644,0.7428822661784259,5.681621254441845
0.6835084207697922,0.02649010086786023,0.01,1.0
0.9504041186950747,1.3382003572555436,0.9413193177184822,1.3023885897754826
0.9230196797419514,6.231553116817271,0.9956892319658548,60.0
0.7661018329921195,0.41202056386203245,0.01,1.0
0.9987977110834328,14.329772528505671,0.9980399735184242,60.0
0.475654091013303,5.776187187944891,0.5176140999850446,6.0651715240084485
0.5980397757042283,4.867856615904488,0.586333751573406,4.689065963295734
0.582007992866669,0.24089335602627107,0.01,1.0
0.22689397305279302,10.576798707192,0.2263195448244208,9.861740069287535
0.06623299216556378,7.792704315217921,0.062241642550899055,7.5394802254327
0.14547053672808707,28.1416293830284,0.14967261128966922,26.87086127533665
0.8263621956954669,8.277385956733742,0.9775935454642409,59.98434290857572
0.9593576025144881,9.993917980268064,0.993463135105162,59.99999999312666
0.40001468147267505,6.406458578196958,0.43494764746084225,6.123350527878865
0.14515785524208769,5.1530864869936455,0.1486440474230693,5.089747371314859
0.8077618211711421,5.331846636268949,0.8100263584941824,5.77300263759207
0.3567668645455139,25.699465986378627,0.3664873195124112,19.89099030004872
0.35067772325931323,2.9746832257522486,0.4124044660398088,2.9391038030628485
0.9558394868179054,10.967525569554041,0.9927475909429522,59.99999999994176
0.5712652614644512,6.469180147946276,0.5739170490231359,6.70482912702236
0.1403414355731999,30.68078709279341,0.16895269534562862,45.460753617365945
0.38236878089891746,15.416072663086096,0.48598444740750363,17.10652678113872
0.4366041363528842,0.5982283982602765,0.48541206019978894,1.0
0.5627066862737298,16.049830239386814,0.6904967622296008,43.562462802298775
0.6016161367219381,14.839800343817924,0.6335646873035488,15.892427017503573
0.4688852579234817,13.729285269808429,0.44593022890489237,12.170804839726806
0.12042739774951972,0.1438169165384442,0.01,1.0
0.3243965345844494,2.1837611129181074,0.2869771791850416,2.223094008627917
0.850186023135675,18.560244153433715,0.8041406649636127,18.651856597965196
0.0904215462465009,2.460786088436145,0.11246802149928663,2.373272310961731
0.010544994566311083,40.863453687992724,0.01,47.30473262737822
0.6739074327247186,4.084830690976905,0.6565304481473272,4.116514296337706
0.039584226800030375,4.784063669510924,0.06111482747241657,4.894138289805002
0.8242625358790229,3.392336817489681,0.8091564707222015,3.458089164705295
0.34172022256890544,0.7079318294994198,0.01,1.0
0.27192543223900956,4.337511110437205,0.27207804097941685,4.45431933699717
0.5129349989962281,0.3000719065906864,0.01,1.0
0.8644632085614654,0.3784661152436566,0.5093079682939915,1.0
0.9948654282985337,24.44209579413682,0.9955950176160959,59.999999999812175
0.4894540504966115,6.674619625098717,0.5029462727067701,6.304529190691238
0.14597579726497145,21.608013783728175,0.22047214451622515,19.944222044507214
0.8471396953565792,1.9607729113776864,0.8311630779245542,2.1490667862918014
0.32085009906631334,6.239211876622481,0.2953961129566792,6.220259068955814
0.5947605234866288,3.5320777170338227,0.5169197760699947,3.3963558326658054
0.0024925105726453234,2.429001672481596,0.01,1.3743408527528866
0.9881545755890234,10.144362844903865,0.9972538578804099,60.0
0.619212835514218,7.316968637870652,0.5836677986410335,7.840189562740509
0.0289210237280364,27.197370833573224,0.04324069233287494,60.0
0.1765835752499355,14.148804078948698,0.13239389831695045,13.500433846059556
0.9546107613677042,80.96757418340994,0.9374552613498766,60.0
0.7751113467179492,4.6338397802251405,0.7565478630156738,5.087149633003439
0.3599829356733295,0.8688932643059384,0.03232991435391462,1.0
0.8703284969788246,4.24379401656809,0.8550539012171781,3.9233271158467633
0.5951394147189759,7.880177105359998,0.6305205753970089,7.659250143343916
0.5191799109873314,2.122601216423591,0.4252996898366211,2.168817240774702
0.5793787790386223,7.363216901211267,0.5524130870595116,7.81884412918281
0.232718553032768,0.8173711805082273,0.1816063882694921,1.0
0.968007388745354,21.104055040674815,0.9857408893318788,59.99999999440929
0.9521705664209104,10.69986020626456,0.9893248117201712,60.0
0.4063157670084504,7.1307637023671795,0.48250638749010377,8.070888066108695
0.667468229570264,7.448696010103265,0.6316674398832671,6.736589649909721
0.046541825022494376,4.589887294103281,0.03995320344563755,4.629888984784987
0.6876761914445326,6.729902256505231,0.732329549021675,6.764329131311259
0.7239063803401935,3.1945486228925146,0.7548918860023995,3.3820228929852343
0.5299646419564551,0.422747877135914,0.01,1.0
0.5110955207437944,10.399270735773419,0.5036533819686889,9.861035656466909
0.9173806995718082,26.674036016640486,0.9688869863600355,59.999999946916354
0.20755796836359786,1.7776926322786943,0.20193071319575012,1.4982942206613303
0.4011105341291604,15.843988728907018,0.3702632785415699,25.351348801902034
0.5965779074588261,0.6431792570013881,0.01,1.0
0.6776902777958452,6.633952950173786,0.7428412142519963,7.885923880881355
0.7399275228227356,57.553596965039674,0.7435161636549298,60.0
0.09907942255075253,1.5439837531675635,0.20363173016204977,1.3862764360180733
0.9546506690269256,3.0899670921396982,0.9563586738070361,2.9137159995645434
0.36689532646943246,22.64716628710672,0.5517195319178796,60.0
0.642584085665056,7.786737434299767,0.6668199129231523,9.061670253349732
0.7276359214422757,1.1065237475267327,0.7808964693213442,1.0966669721081561
0.6564571581544054,0.6954525941782588,0.5840339264929924,1.0
0.881087369191458,29.26058547628385,0.9470428087636765,59.89794972841163
0.36456572467499637,10.472433163119653,0.3826004647505266,10.050777481209238
0.8301584371805949,1.7618812386418279,0.6586404068452794,1.697443514950123
0.3473959383355212,14.981691065007999,0.276274294467775,13.313621819933724
0.6867106145765274,0.12407189157178859,0.01,1.0
0.6222798452555914,9.97026467551262,0.5302028882766561,8.443511999844652
0.7401588822308703,2.664486784804909,0.7340440613586616,3.0000255816114727
0.6420349696835078,19.44997299139333,0.487636132264949,16.121196586897263
0.14130914912456372,20.01558692660329,0.13804368744973722,21.802000515832127
0.6060451351675696,18.25262236520678,0.5778153586171435,31.048445907449153
0.8076651896256168,0.6722460593060753,0.6292212381022023,1.0
0.8744297295983904,1.0565149853970268,0.839849850253169,1.0
0.8464280908555846,2.5894537696766564,0.8857788756518873,2.8712144442379395
0.5092771036522702,15.36253530111159,0.6233294559756275,27.43543053085135
0.4427313868371189,10.263514538216658,0.47387310224351914,10.318294781064473
0.22133757042136026,6.930956812395207,0.23450750384793917,6.7073044914416515
0.8823821885252542,0.5489742090682194,0.4634664677077943,1.0
0.49358251521755014,4.570603947920457,0.5391245862482956,4.582312248897865
0.016217636667235413,2.099184128799893,0.02293023187995817,1.9626785718615907
0.47462413993588726,8.484291101994113,0.40714277799553594,8.78746710751799
0.8748395725570183,2.5174743400927997,0.9083242275912975,2.5125891876772983
0.7831101131034625,29.534872251708762,0.8648721960510765,60.0
0.0223685778086965,24.46725387324807,0.02728436510065873,39.428630792746205
0.527154704359912,1.2742488868022868,0.5933648103682244,1.2669629733426806
0.21883290217009022,16.20887610344408,0.21808388428239736,20.883186953519914
0.3415045141037989,5.607531058012989,0.369676955399695,5.393445561470513
0.6373117071260078,10.549959233049066,0.613057580235488,7.587600929057157
0.46035812658155584,3.5957948100377206,0.44514327259642733,3.7780619074674098
0.7434303379303242,4.920203826005035,0.7907176570874581,5.1874877169190405
0.6282901467742331,8.49493568820362,0.659359875412089,8.998849564814213
0.4070343278945463,7.729167291438453,0.39452034986312223,8.120201552419013
0.3235861337801418,5.80538265694188,0.29965367994629266,6.453630799093553
0.3824381251157547,10.908696219536706,0.3498058058895177,9.792845680253812
0.05894488184466096,1.1430774395022936,0.1314148172997954,1.0
0.39634473275067184,10.007287090702867,0.3796876534173476,8.573151431147785
0.8300237603008129,2.2427283017027904,0.8910008271384526,2.0045112883850225
0.3141381833414977,6.024243001708158,0.3179412919897936,6.373402947417412
0.4439395154121043,2.8129861363459434,0.5498370479532797,2.892269270245877
0.5122830418193733,9.22874612021267,0.6323854161596254,11.91434198605968
0.8394435705549613,19.545194084120396,0.9585924201298579,59.99999964485214
0.3599199333638551,4.94106527187755,0.3184205054520273,4.583691810401298
0.40691517609813466,6.031065397623999,0.42615266587285117,6.183884941652853
0.036965238629175334,0.8901379088454585,0.02424370978207546,1.0
0.5732797307841,4.065048845438152,0.5170551432980656,4.008277840317766
0.5936227463432423,8.365034500854199,0.6067070205364334,8.603945672104052
0.7526460572909591,31.081324679011914,0.8368126211222316,60.0
0.7852438300489978,18.648053612483302,0.7186000115134609,12.979322997156054
0.704115684815251,25.615442669786724,0.7224384887550245,29.146198786511505
0.7859804762814,27.1433180491341,0.6851008197866584,27.715389761174226
0.6354296890625045,0.41389671157592406,0.01,1.0
0.2387080967189047,1.2200964203713505,0.13777060023916468,1.0583567863821468
0.5189288983521181,2.1084446900824956,0.4762034176434842,2.1595466750467645
0.29908214787081056,10.166659238245286,0.23303926833143684,10.529611527633215
0.4126838546911902,6.577024351657953,0.4170526998423792,5.81797235647097
0.41697418397105057,29.143562113848496,0.43575740604393637,39.527056193511
0.379400802835139,2.4405731571015723,0.43419823968120247,2.404129513989439
0.7312638527175324,3.9522370209008035,0.7684200154020475,3.442042530436206
0.5321365527691915,0.6023626449804063,0.5383021030540192,1.0
0.20325023822605115,19.809479754674935,0.4291530762274179,60.0
0.8241867688300073,0.274664866123255,0.01,1.0
0.10751391330164539,6.596484859125499,0.13496195816819415,6.544452575350927
0.4804839534953701,6.889323292561251,0.4144170839979324,6.067689782273298
0.9571218334338581,13.255383114779773,0.9881443351393068,60.0
0.3322593360335515,3.214215936593413,0.3001208598339906,3.3504625463523716
0.3781954219642303,4.274580657034087,0.33836695394730454,4.43956659100409
0.9233938514256982,5.924142264834472,0.9862309269910992,60.0
0.10082672427650707,0.7288104135295653,0.01,1.0
0.36591046111933145,0.8581025620911444,0.31826614256323166,1.0
0.8584676827643548,12.41915333142912,0.9724921610579154,59.999999922863076
0.11967287521854342,6.413366465311855,0.15641804846340682,6.462466420875813
0.13583299393221404,21.625795636958088,0.12846513100408405,25.8482732180756
0.3942928863917875,2.9874318822848664,0.4332245971330643,2.8779299378032728
0.8563887549207081,0.5140160409601475,0.47629372638210116,1.0
0.9412130374949033,24.22517313373259,0.9793369326918385,59.999999981933435
0.5947481399993273,0.23425640927182387,0.01,1.0
0.19580735692484474,1.8421205139786354,0.2099370504459625,1.9872320040872151
0.09573242601461784,21.93786764585216,0.017552026248605825,59.986858697458345
0.8783818090359597,17.819481316602758,0.9628679743970163,59.999999601239814
0.4437261320661908,18.500666349828297,0.48252603022441753,29.780097226707657
0.7165257687784361,21.713994713185606,0.7849617797167903,28.22637998719193
0.16893583502547405,6.325272174546242,0.25625911763911763,6.5661275049262935
0.7284654700645158,12.365307384841657,0.6483497875822883,9.773124697337213
0.6199644074066549,14.535711280394345,0.686704425617051,17.688305947663434
0.313354679448406,21.853164108720556,0.3339600812277626,21.31369408023589
0.5456143369193026,5.152610700729625,0.4720529186201976,5.136556390034314
0.20319428536984352,4.087783862910893,0.279364955136884,4.249250586325296
0.6133532122893924,36.56324213920029,0.6288809069310921,60.0
0.2388826525484552,4.507211093322391,0.234750489416567,4.264725520942612
0.9807722750033605,1.8651175430423927,0.9069154393769909,1.8977027721937223
0.801785046964473,2.044272368139916,0.7745262138976002,2.2739504485268887
0.09612736114215958,5.661595758021887,0.08502718280439696,5.497964723390481
0.6952128020306593,9.942741986223897,0.7241878213019082,11.812810593796117
0.16475088851305086,6.78649237276534,0.13959834000985027,7.170107650142657
0.21453208057350326,5.536573174313112,0.19670044573221182,5.836253218965476
0.9015604618815783,6.064690166888807,0.8866163614183885,6.210550538419647
0.6513630616093763,4.875362259091396,0.6422896549708712,5.294032924113292
0.7816797830356453,5.630710077794998,0.7774777565056016,5.799825959903551
0.6830569858782113,1.9764821664276457,0.8201411533708564,1.869578044186851
0.17961164924655615,12.96015633836989,0.1835499700179389,16.0831673232511
0.9037050474812233,5.6295829548446585,0.8350948410588532,5.355744760739243
0.06025557475632193,0.5084635021681437,0.01,1.0
0.8689018615536446,0.6014393089761807,0.8114818786991009,1.0
0.2266585708333676,14.484904582906502,0.267481895042649,16.794811643536214
0.5803515126524087,4.194021390460123,0.6557282792525979,4.0802761266702605
0.6159030651558991,16.44611911860704,0.6800008992753376,17.633584603843595
0.3793928508924981,8.096365030536763,0.3783085045700517,7.292734450742361
0.8992505737948813,3.004489099607583,0.872525161031516,2.994684982658127
0.8561994000681085,17.41090503680543,0.9568722199004944,59.999999835622916
0.9731072406768226,2.507510548109763,0.949482856176954,2.529818806331678
0.9341366752383253,1.3402210597086133,0.8648225694284483,1.4676290395472649
0.08325799493355523,13.074995207945099,0.10158936897309735,11.93599418871554
0.5899617323829548,19.334405891049684,0.4719794964176284,14.915640112075788
0.07141841730062382,11.381923057431443,0.028476230950140312,15.436988410355095
0.05669899156028879,30.16597316436167,0.04239883150404678,33.987644461181695
0.3267468218309285,32.40881468483896,0.424732939290596,53.08077110234795
0.6436459875026216,0.9264692670143149,0.4287134297774881,1.0
0.8606142983403303,13.869821919933518,0.9749052304236281,59.99603444054534
0.7875794304996062,25.162350378487666,0.6218749729045391,16.950983010364286
0.02232435629861451,12.486856885834214,0.019117540190637144,11.726915899654514
0.3048024543258857,7.019192879879876,0.3895947278392836,7.567968080462305
0.7932597039336245,16.239831860134004,0.791880554307588,16.125346270992214
0.09003172342629961,2.5864526809612975,0.05349562719098505,2.6056882561693993
0.5448506631662711,15.607067195420928,0.6480250436561668,20.86441068362112
0.49367764081574517,4.272623131503517,0.43178451306490917,4.360753688347318
0.6533377056843929,2.8942174370201084,0.6132522755540418,2.9400634332333127
0.19719487605103114,9.35344505732403,0.129055052453113,8.89146420845932
0.5100449694616283,3.458563095509576,0.37335261235181644,3.8140405097968477
0.7239611605447869,4.317717565979759,0.7546563041002424,4.35859857537385
0.8096546423559299,9.354447606382445,0.7497077132149644,7.450067667739285
0.9203277878359305,0.993627644506015,0.7545361259382017,1.0
0.8006249679642008,18.967861893989834,0.7792495520610985,18.757143141480558
0.19182311038237232,18.175580552584435,0.18454321800276857,20.61216936057919
0.7521860767300633,25.3811873599037,0.5933706829489503,16.359990867864152
0.5023007398380647,1.408883235510907,0.3642990759452256,1.4676720343969831
0.3366163356905708,6.657004987153283,0.28963967371840443,5.996287224888186
0.6313343178662315,11.989012232942626,0.6749491338835472,16.492490248240493
0.007696936263696164,5.2228030019884155,0.01,4.927906255898187
0.1564520991984879,4.909671183850329,0.12374787952435097,4.753292092712213
0.6943535586880883,0.9167054352937736,0.6157508585393968,1.0
0.5685963905195586,8.87032078977995,0.45422445781416276,8.386913326660041
0.2990165434313947,5.7450671365413095,0.28503782279757595,5.881436724996505
0.1539579937003207,3.617385615528528,0.14408568062524255,3.6169635057753613
0.6502725059532004,5.32743159319617,0.6644235882554321,5.7863256951549324
0.31163142747300765,16.7340682290411,0.31036657510095306,15.610899897124607
0.2726603856756721,3.473601384285569,0.2579527721428255,3.4893622643655005
0.3595434608180227,2.384642065015416,0.35701305806398376,2.3447634711204195
0.14449701709332485,7.833733497611213,0.05175825911903032,10.454891465843449
0.7103007857769869,2.128003670046985,0.6578909754511374,2.0086182410458795
0.35119718777255904,1.4229817550868686,0.473738579664571,1.40772826659392
0.3373275077457989,11.09036751082414,0.345539323381699,13.130357241907266
0.7124282225327992,1.9471620683069666,0.6510390407777681,1.9495794703279838
0.11866337003921856,19.36426732464776,0.14866655019288127,17.243212704007135
0.2684389903706532,12.780550931702429,0.26902167813618716,13.620697771124277
0.5075369855824198,12.134442346810662,0.4938743508118625,16.17120370644474
0.5600333146021327,4.009912503985379,0.5502870017023704,4.609827740931584
0.4629538919614279,17.810541090191983,0.7028514141992765,49.30564956109654
0.8035167855769232,13.575481565566928,0.9574732695477067,59.800096199702665
0.06905600208648177,4.9976284479791,0.11372297646599291,4.644695904254631
0.8168958830874401,2.9183507907897797,0.964128049699926,2.828021977041074
0.954287974251,10.13938125134369,0.992461236749791,60.0
0.7641047924593076,4.868698302828114,0.8120622842858648,4.742502159698143
0.9088862972554299,6.130659896889149,0.8886005279101004,5.392284875047045
0.6814010832735851,19.184802741232886,0.8152930695350418,59.988850227063004
0.2835024378395681,4.380922723943445,0.251918231984955,4.634833474179291
0.03902697710844161,2.5137642463567844,0.03471512386699977,2.369281368726811
0.5031527717961581,0.9159972770221996,0.7030123108534918,1.0
0.1645901077035804,3.3617085016252304,0.15997394621558172,3.5726451497023834
0.44540739895850023,14.335831841801724,0.4892543309897769,12.70122213723282
0.8298722665183422,4.354198730891142,0.8566203657183662,3.8342876073140078
0.08546254600087055,2.3944478885942018,0.08356017605526056,2.463806127965936
0.08322756980468715,4.51829195073228,0.09821071425519876,4.675799503630225
0.02306703771718266,6.72651086621995,0.02780385674031414,6.496629708435552
0.9832520178189594,7.431780150258522,0.9943433582031473,60.0
0.547640650460525,1.4017881233853915,0.6373227278569686,1.2919671568965243
0.015323608453723159,1.6000113463939136,0.01,1.698445312621627
0.45881557699458997,59.333363187011656,0.43278591105334474,60.0
0.8815652508027308,9.017947144793188,0.9842261781297246,59.99999999672158
0.9481637081719878,0.3446863507478556,0.01,1.0
0.8738511083494792,5.916591975470634,0.8544657250024603,4.9745002670455
0.5997720612988561,26.805801384807182,0.7052884942905162,60.0
0.7698692084822601,15.840487731556173,0.935971886025143,59.99999623352383
0.6607922750245263,18.092443303725084,0.5803408020211287,15.149425192760667
0.1016673433354277,19.436091879880223,0.11983425953495855,20.406431505102436
0.43118523696633504,15.381877060163365,0.4281652653578454,15.731727568635698
0.136606683628277,7.177405989474552,0.11991593406246216,7.94368462706848
0.9401104811030685,29.328438541035954,0.9726764068412985,59.999999989025056
0.4989411528627875,0.30570761279578784,0.01,1.0
0.07413609870407789,7.766918016677746,0.03646980028425246,8.623989225358969
0.763392737906184,8.08193051906358,0.806120655458919,9.364294366406417
0.5939555500555979,13.950739998633573,0.6060249270253415,12.394781117354848
0.9822397138723261,19.178542371268104,0.9938393237312482,60.0
0.33031600761684843,1.1483489344898303,0.4402970196935465,1.102286187123474
0.9937868271458176,14.877756082028252,0.9995464272005756,59.9999999999855
0.9225250684343852,11.650041767891906,0.9883850911269992,59.99991049358
0.6484326052516416,5.63567381171334,0.6493385505133236,5.299064763283077
0.05669744239210628,33.651424784969834,0.0640308392727545,32.43875288837515
0.029731167357296417,0.4135491605182505,0.01,1.0
0.47875458342649524,0.42824257770121493,0.01,1.0
0.39111988118243035,15.470714829519622,0.2764694515340152,14.814066879980503
0.34020643756759295,2.1726421509869804,0.33466328340663454,2.2238480426860048
0.566481875733046,16.5658547403962,0.6685063713544902,21.761215544908612
0.904800862350053,11.287361010294738,0.9824864043544883,59.999999990695144
0.9141662367089572,3.18064087097706,0.9191389665182944,3.315553422912124
0.1944565387257572,31.728871127443988,0.1844158471420137,28.595065249067495
0.6512424200494938,5.521992365416223,0.6956244183171163,6.11681107164763
0.34045764186050065,8.191539175534214,0.46376167596964485,8.27675070879808
0.4611319922804715,43.993879886877814,0.49111969640983594,46.23018969110241
0.7963302777240757,9.551822570415883,0.9638428396706872,59.95707699083504
0.677731273892914,2.830384464071809,0.6751608573213742,2.886067389973988
0.9941831799447132,2.5220338010517978,0.9112209436481432,2.6183004342787672
0.4871181104088461,0.18315621635383028,0.01,1.0
0.19760088053355707,3.101468895314678,0.20090921139087758,3.246370703347183
0.25381488413032316,0.27688885614498604,0.01,1.0
0.5223596119262797,4.776176880911811,0.558780281181878,4.7586624010915575
0.597431174381052,6.928334995536475,0.5658658087723425,6.604993670757544
0.7248298932464244,10.69184216071574,0.6605782883425156,13.008554604309648
0.9704854847449595,6.81928380219815,0.9683473269746807,6.646741454926929
0.7679826132823672,6.238200460737477,0.7178450208736471,6.035191330313064
0.39370794604861115,3.059959643112607,0.42250025754415443,3.097555341026435
0.38485777921957176,34.102729237828655,0.3382997383449166,30.50507290920295
0.5979491654088464,4.614627961677698,0.6512663908787611,4.463071577753269
0.020588633828032887,7.720311464179973,0.014323121932909206,8.729407934295416
0.25932879309435863,11.795222031539737,0.01791435934927853,16.229504886509922
0.2865440396941017,4.587842117745701,0.30110946136137956,4.643561759564228
0.33678165583285957,2.0772730022399237,0.39262000482438386,1.9444466387116712
0.351073309909431,23.0724686797301,0.30833390370215197,29.150634704445824
0.7956777479103387,10.731788344454511,0.7788575535237194,11.020100902361262
0.21114792114537395,0.2740461641467348,0.01,1.0
0.8022048316198753,0.9562179788926634,0.6726647719226695,1.0022108834300631
0.14141473893476564,3.8045211629960676,0.17684383136603682,3.839799660602544
0.08181092335862195,1.1887097779016254,0.057397390555839575,1.2758496617146364
0.06459385845303456,33.944021221679456,0.06102750089016978,38.280969606046305
0.16847092466952618,5.840702122394486,0.24057809784325676,5.660522681278415
0.7484008415640224,32.77775527065153,0.6856650614428477,18.52733741501983
0.6429823445658805,13.667451005746635,0.6847980088306505,21.48636386409024
0.8473664042643916,7.021399953024035,0.8664591000834692,6.347576396140181
0.14515189725824418,2.0126068370303942,0.14111958941181782,2.1140694380802305
0.12236147289923538,2.3980828244505057,0.09864301477572451,2.4781793786565967
0.08370690610680487,8.983740476422165,0.11316742110586062,7.71884401789646
0.246497613737496,15.123102767227541,0.2857681434532171,18.42858858117667
0.9880687928800164,10.164787209767814,0.9977206208043267,60.0
0.42692120298774416,17.58377259803446,0.23163892315972714,17.05501834409027
0.10650533379126181,1.5567151315466834,0.029576629394069454,1.6107350747852094
0.7702475154076581,0.6076159392154699,0.5421191840781714,1.0
0.8486830358404396,16.91471536365389,0.964741723690531,59.999999965683855
0.7928740824559609,3.47522125192754,0.8530574875582005,3.107879807865773
0.21693976589685915,10.702075784033427,0.26822546284754456,11.405308840863212
0.7833001975255478,33.86934713142956,0.7979542633608382,28.861244575764232
0.15471022180922944,10.949433813970797,0.13128404560612988,11.669021839804943
0.23022591679139437,13.387551072426964,0.30503650481064704,13.777833248786086
0.4075057074734142,3.252441683772365,0.38046446081731,3.4209235187731175
0.4811131194158528,2.164765348451749,0.5512129017049002,2.3494697555465525
0.6170144728045136,6.7077219427600685,0.587143541202078,6.989321565271456
0.9127488167238,17.57589735030344,0.9756056277907919,59.999261417624446
0.5662522196654195,14.015858693490104,0.5895970115387976,13.434178517364252
0.19705076200929517,8.387740235887762,0.1617016137278356,8.276947472350301
0.40995201381755375,10.268355821089939,0.4061370770076812,11.943170551843462
0.387500321476309,5.5670185687602824,0.4137274023851429,5.438111112867375
0.014928263743752002,4.517973932873565,0.018535422178127474,4.058255933997466
0.3657715579115388,22.048803380595963,0.38687154704240256,60.0
0.9404150856291918,19.261402421184577,0.9822700813696202,59.99999999899701
0.8251688106768054,6.665556978329528,0.7811091320260193,7.398792946964572
0.4526237869874502,2.705940483152556,0.4494520053054377,2.866530945034713
0.7041434793504066,3.5510690478591034,0.6534672978147291,3.5216725352484595
0.6423393841919794,0.19522546644339772,0.01,1.0
0.28370902542640286,0.566566107469795,0.3651162827553213,1.0
0.2844441465878532,16.663847862000324,0.3262689742885398,29.177274432728026
0.958720974670373,2.629335612667943,0.9009136728408922,2.6367309634630836
0.3837318587069519,19.973645964954706,0.43461484335111006,24.939128354542827
0.7603275515396108,6.133993169694106,0.7889600187015829,6.794470065686868
0.9404295228039435,21.832248928249708,0.9765216134971044,59.99999994794054
0.3235900480887366,7.8163068054962554,0.3195415183522781,7.399132753617545
0.351837597999449,10.30720867132261,0.34699337514242723,15.778629371485295
0.6514686704794095,2.965326156389917,0.6193954159328023,2.8091264116474153
0.4392123745831953,10.019406097142028,0.4224633238804574,8.916375135406126
0.4339024024703987,0.2031954772562773,0.01,1.0
0.1722885607093223,14.488737394014866,0.11159054334780232,15.05294379658194
0.21570778762494935,5.743292599318028,0.20833506196801008,6.283552030058609
0.7169988383302583,41.32568532791201,0.7954967051282236,59.99998366923393
0.8801062205933337,17.331148350745387,0.9614184864174035,59.99999971904401
0.05759866392871904,13.070641007941731,0.044207100509895216,13.091171008839275
0.1206483706237188,6.1041985658432205,0.13901148551501818,6.203555973898544
0.02029554771513875,13.14700885261469,0.011605357042121688,19.3067682418465
0.3265294804186394,6.496576915296718,0.33966781244158994,6.298562370531872
0.9807405148382292,4.80884845643006,0.9662708703690265,5.3693915131156995
0.8495325506498587,7.719628538931264,0.8410267300673201,7.327810826073526
0.8906576276779887,7.8463587263399335,0.9855795390068918,59.99999999990401
0.6595876383756318,8.81154728815466,0.6207018552163894,7.58929019101961
0.9301087504665754,2.686271265284116,0.9368765047551879,2.6853185577125487
0.33216229338249015,0.7009611907247214,0.40022667194951866,1.0
0.5840685636128342,44.08563883593522,0.4048231529485368,32.52567199374187
0.3755150420294673,22.009166272965857,0.288546787423651,19.305928906854767
0.9850403359216775,40.04048226713134,0.9855695850184742,59.99999998170805
0.6875060273047519,9.1856007088704,0.7317057793350468,8.636079693158242
0.759557590652701,2.310781217646701,0.751431741664752,2.3119895390536582
0.5174220550076811,21.405315719848666,0.3673295188920185,46.09167478236755
0.4545699218072874,17.525012255260762,0.4926160924778115,29.870806437286973
0.28068453518064196,2.506335529358608,0.28134709021069576,2.5125682392508066
0.7755282804243399,5.113996464201196,0.7418962493832748,4.968848785845145
0.028690996561428928,0.6270124457458024,0.01,1.0
0.3994991298569849,2.232435232996954,0.42868695685991715,2.19758445767725
0.46545459363278363,1.0678558194387584,0.4906401065347485,1.0347230889935681
0.8292791502861645,3.0544520819170202,0.7671765885832894,3.000457670036089
0.5346972427712016,1.686195918146327,0.5057134586290641,1.8506653946572507
0.9283683512620029,10.317844838782326,0.9902738478117529,59.999999989970156
0.7030723353503007,2.163133352195972,0.6987280215518228,2.23343717003765
0.3009092490736549,13.922936689743292,0.6010840220669892,49.46189424373099
0.4824167477990834,3.6349329491901465,0.4935569912611575,3.6938346738138925
0.8951326803540279,0.4111263187231457,0.01,1.0
0.22142924475108006,8.96177833766988,0.1766515104156968,9.5709035730653
0.027957084388608444,3.4518384145419962,0.039691679244179115,3.417824308321256
0.6725635640373616,8.821088673753835,0.6561699346539237,7.812278443351626
0.29895585909000155,18.581492155394624,0.3035536787819854,18.886383064907896
0.1490440427265759,0.9002470440160025,0.12315109663410574,1.0
0.6216118267102635,42.035443413674585,0.5557536778501938,30.01245891738437
0.2870970540512554,0.5371274003380664,0.01,1.0
0.4653084407747772,5.677382670156165,0.44896646026236886,5.494260645938387
0.18747558378007156,32.23200133373013,0.11048161339295637,60.0
0.8927320632364806,16.298540549217726,0.9674354340040554,59.999999916196245
0.22087537804521218,22.16473670321446,0.30130636790354826,19.81224805116147
0.5523324544660988,4.368944477301881,0.528717630508705,4.164763244547407
0.9157874444540067,5.082608494068042,0.8848656050866931,5.333095248663466
0.06298168910778723,29.302718819905678,1.0,6.690501923796249
0.28071066617938434,1.2640610932939569,0.3164552523334253,1.284473488118967
0.4774812804449322,1.2694504410905139,0.38368456892992847,1.51673073578008
0.7199363118691584,22.80388321936812,0.8226315890917375,60.0
0.36762457745314003,0.46270159156999435,0.01,1.0
0.26613649722800625,3.94817800433842,0.26635129816645015,4.168222977138338
0.9925716482875213,5.264336832145463,0.9910657518000441,5.467719567399372
0.22768452084387958,0.7996857602005221,0.1728364650800272,1.0
0.4641803525869783,29.695982072329944,0.4312386755780048,46.075665627291954
0.26698316087922214,1.0470290220082183,0.37733326773224585,1.0482766261688419
0.5892273481437142,13.28891242167475,0.6187503602701758,14.273126404362095
0.1710032500891071,8.58386646184299,0.09521487171003719,12.431339868096646
0.8940984879419903,14.231600652464913,0.9759920467208703,60.0
0.4027429367344808,11.834787684683704,0.4387555257748514,12.091525472818164
0.7339234109681578,0.12015906769229791,0.01,1.0
0.607177524061265,1.2680386931406098,0.7332300388202238,1.2604349351952162
0.6908635690138579,14.0686852867969,0.7490205271898841,19.285234376548743
0.37230644118811995,4.583831132229977,0.36077837337381374,4.7192508824497885
0.09669433906603975,0.007080506476631056,0.01,1.0
0.40789713005164385,8.684428776540472,0.6207609115027328,19.563222950454826
0.7121077421264688,29.25762110188512,0.6878900157993141,27.736108418495157
0.3550227718815694,1.4484691257318494,0.34421720761734376,1.3602392158624765
0.8403319223449357,1.1337517539252704,0.6339148813341553,1.2361717178122242
0.45612738215426607,0.5620764177753145,0.01,1.0
0.07682989469128643,12.531849649134031,0.0759673301796205,11.570436585712976
0.7563819196783497,6.393814149050982,0.785734509526925,8.299739925564355
0.5993993871170303,2.2319235563373625,0.6482591756406207,2.2725295914659656
0.8074912147989165,6.399174412897544,0.8141071488811247,6.459536483051238
0.6910319733860493,8.260702460390819,0.7613318297232803,9.94086970092437
0.4903087177332155,11.829144800963027,0.582465478230967,16.22459713542463
0.3908820326665682,27.418423757333514,0.3286879754749153,18.44059371846334
0.45786085075698135,14.00681921316111,0.48430161203366123,13.68838610751196
0.9968765108134124,3.1703118057745385,1.0,3.463273450359897
0.3578860819618983,23.945702756479417,0.3209252345305788,60.0
0.15687420121065665,15.431485623751215,0.17435479116283878,14.908434878820161
0.028460541551473262,7.742169807847534,0.04857166759849648,7.0847695158425505
0.0681085761739203,8.135726425108935,0.04993956883929051,8.3848472265293
0.24041842293348092,9.585965636379388,0.26193157503191206,10.088584591462915
0.22261002842058009,2.32830981123829,0.1843302364139086,2.4286752272760257
0.8832013320794487,0.8635944706196429,0.8007934180534971,1.0
0.8699658701333173,12.292553100268151,0.9760906054120667,59.999950080914104
0.5925661240234542,7.97115083060346,0.5509649200135371,7.929336575282005
0.20424496926018976,2.368766052066622,0.26141502390239324,2.532437022316637
0.9014339329306598,3.924022272202458,0.9576229312038312,3.8160540502417994
0.7880347229986047,2.3144900796776584,0.6241447776667507,2.6740878327913724
0.3480663273036052,15.036011779853315,0.28853292381628715,18.374414534710688
0.7548222342072761,6.011332700219043,0.7977049970901913,6.1369777000200365
0.9871906986013245,1.7960894309716815,0.8873547896915723,1.7716997713874627
0.5829815967113187,0.27085672971451263,0.01,1.0
0.9911380813403592,4.999612872404481,0.9847630192791452,5.906043820163456
0.5538075875877203,12.136325786715359,0.5378197749342378,12.239270807520485
0.24732096619735222,0.7054564775223997,0.21037396456989044,1.0
0.40041347742114386,15.78163595536192,0.45983988648245555,20.015707469963083
0.2515760444977341,19.461615646622356,0.23640515386645905,19.843970930753386
0.5767221198481642,1.301479202365961,0.4900658030537973,1.3485310306852838
0.03939074056189784,3.3005828408137248,0.031023246291535432,3.6022084832839223
0.31935121531356814,0.31476799524949756,0.01,1.0
0.9691045866959521,27.50982551293523,0.9874255673933913,59.99999999593122
0.938476898260558,12.850985537252518,0.9892904784084369,60.0
0.9748523339708953,10.859332055290572,0.9433265824998824,7.62359931274794
0.2652840727460961,4.156639088309971,0.29051851681128366,4.597011703910081
0.7866907975022505,20.623474901743712,0.8396771121273215,60.0
0.5724205734924079,7.5625144710434435,0.5156656773694933,7.052147718438426
0.9651733727856909,8.796926321126344,0.9953154747907316,60.0
0.4231461669268509,0.11591674198064705,0.01,1.0
0.5729219169866503,20.219066242568427,0.5174349882402277,17.850827896014206
0.051671784194524006,29.58283279522118,0.09744758834103838,60.0
0.9470240094923822,1.8164731606475275,0.9484192177443797,1.8093059514796062
0.7952164083960253,7.055011515913135,0.7679077835868009,6.492841410666878
0.12950441112951028,26.99420319799646,0.07751097401404619,27.78959421275693
0.6041218457679122,6.0851780759600125,0.63589662200605,5.047653778308718
0.32390125918671264,4.625144195006234,0.32155584828205414,4.908636841272222
0.6839020182491219,33.08615595178893,0.6803650562545575,28.310715469744174
0.4359392869057632,6.856888631268609,0.4061360506867559,7.352297280098835
0.33831184650760004,33.25568656141582,0.42904708804815167,60.0
0.9688735738417632,0.002860022307053741,0.01,1.0
0.11280195797671078,18.37557764012012,0.09703193324034784,18.94668789267388
0.38978741508909787,12.422612132276996,0.35659664849474604,11.66022001588638
0.5021291636640826,3.688800766988666,0.5608063551592691,3.630414376385151
0.6924959570676033,4.236101180003417,0.7132255637277604,4.089049133023804
0.15397813890305656,14.853404742585429,0.10339050690609392,15.826607357599961
0.675783308676039,32.479451680531,0.01648186100030261,19.816375105078404
0.22220352936870924,1.6554644265011087,0.37944426509942136,1.2374204028557991
0.5808298808467821,2.4082989951846803,0.596003545826295,2.359866045762175
0.020395206263722487,2.0343423520824504,0.01,2.4705486337965428
0.25880415430045056,6.271286027085293,0.22073269170511042,6.022503864048448
0.6702723074158264,3.4564782382516492,0.6439026987492109,3.5266883654784897
0.2605527243562171,6.648758121731269,0.350100383139909,7.017016763766503
0.7069008027641888,17.67441159866544,0.6579449650308218,15.511485976528023
0.14804352952065813,4.083321526602695,0.15329169496518516,4.522279079101257
0.9125544294712721,7.986136136941065,0.9930360073627428,60.0
0.6038404586434224,14.371276979919614,0.5825078401581826,11.935131860278775
0.18392620243148006,1.109939984174422,0.23125665149932728,1.0305572109072212
0.2755357194162428,2.4128519662349532,0.2837498542756118,2.1920272258555498
0.4170069375127531,2.8566751761251648,0.43730331240449427,2.9823112300390324
0.3203014108319372,16.065685334123383,0.3650507461035045,15.49900611875525
0.12227753488158355,8.841641594805365,0.0515795110310353,13.106834173955356
0.7532621233543988,7.485859699350339,0.7567052484594516,7.881421887791281
0.3054233165563367,5.659380072509135,0.228063856062781,6.144924369149582
0.003502637781883533,6.631826748687098,0.01,4.097728265494565
0.5810890543623449,20.959977349068247,0.46178703300736645,17.593296951868524
0.546216397342301,9.931810704760922,0.5540454021068576,10.618307336212707
0.8634344099896119,9.894725384577669,0.9770203848420327,59.999999980468
0.8015604124573041,25.374781945882802,0.7633640977013281,20.814889356256934
0.7816458573827033,15.000683815502649,0.7134613288812603,9.882028438536477
0.5330148105498075,2.3591783858156217,0.5309098736837199,2.3767561426132686
0.9691900504473778,21.570503131710677,0.9925366042512548,59.999999996107924
0.8520701651473239,6.069364299760727,0.8210280867348504,5.311555389149615
0.7653139740826679,4.9927054367276025,0.7454712957397881,4.820225350422881
0.6191587504897462,4.00195993217171,0.6494681545094597,4.058546033332519
0.8098503267607124,8.101534132867483,0.8468514670987783,7.131986819016003
0.6207474747610089,1.3535744317526728,0.5574351380075796,1.320778710162747
0.7355082039932475,1.5943576455994526,0.7257692439730626,1.6681071251641055
0.02884321317713512,0.09954061509636236,0.01,1.0
0.0728350715532271,26.78604153388767,0.07915837148737973,20.075654262106013
0.4409298006091015,11.947949236707307,0.5307821466757082,10.790739293783977
0.3078065314416909,0.9106129164867058,0.22229065824921315,1.0
0.30120376123802084,11.73299301899647,0.33587355892423043,11.89188681489705
0.30092091779095753,4.139549078681518,0.29162206657869133,4.402172624978798
0.28188452711162837,10.701488330477476,0.305093921391013,14.21755961824413
0.41854605578061066,6.693838603489826,0.4438400164411133,6.474614934989817
0.9353770708363067,1.2805989935648312,0.8314950483539245,1.21133588594251
0.36822272951437507,10.744753345283753,0.35219116152764396,10.337917317107566
0.5479492340891952,1.5085064466600233,0.6072216083724602,1.4427569841361887
0.9524961604161344,21.391130588727307,0.9801830430741215,59.99999996185742
0.1764104755313829,2.385645756974119,0.20348550622625608,2.15237111368776
0.3898772394600485,29.259673254147145,0.46114406133912217,60.0
0.0904390907947793,27.627549720205256,0.07951178765779283,60.0
0.9647605493087315,24.684831485814573,0.9874263779617025,59.999999993460726
0.16879156931447237,3.0998682656392478,0.18297437622630322,2.9663420145142787
0.5765177402856404,60.48356682713329,0.6093558267640031,60.0
0.5298452170078869,25.105366145805796,0.4804993402173298,18.547370205248264
0.8939031936513727,14.182628025227636,0.9753269233849396,59.99874277468471
0.2596920339502913,23.636757226132747,0.26777911848787933,28.899100182155937
0.3670888679966947,32.70612085355087,0.4503148691630837,44.05858700118446
0.06985296861460644,23.359605294195497,0.0996811383059581,27.00689127748661
0.9910668620956966,8.628276716130024,0.9980212862396224,6.526316596729897
0.23856920152878702,2.624436861448149,0.2204489861428546,2.6578669382610687
0.42793275869548,11.687137214540295,0.4864830185518485,13.290894434514865
0.8967885941326422,1.0106678267029996,0.9479224055450569,1.015263597166916
0.4424352450421326,0.683962664822964,0.01,1.0
0.36333932765647625,4.805438466886079,0.38616817048240615,4.694539991569741
0.22003101239898626,5.119518445764573,0.16587579971189334,4.992457035728478
0.7197196415494874,23.86836407445154,0.8099995315444121,60.0
0.16232602432657806,36.588199698334996,0.14628583442309814,60.0
0.01988088653712372,8.325890563374752,0.015662443215994887,9.659933820919937
0.5234193001389731,7.471407031997308,0.4549449735564724,7.185823879568762
0.7739973692310101,6.501800816368216,0.7928804468580704,7.222316634160069
0.11537985239555015,2.1241403057883073,0.0685918619698813,1.9852332839723925
0.5239499497530643,13.472007016995555,0.5093028231542076,17.397379819344305
0.9865915584125604,1.5051955692316652,0.9086344870426599,1.4896225861751422
0.03433949757206156,5.448842669238508,0.03666182249625147,5.828944781604565
0.5138439449744071,10.952513014225806,0.5457719861086909,10.096841705840621
0.32145779880502134,1.0629031417627528,0.34903706337291446,1.0816004835951731
0.8148479600339693,9.71614431324303,0.9753824750465048,59.92948864625205
0.16206364992081146,8.722722572503619,0.1411766473543167,8.652963339603662
0.013211287351533652,12.295457839107232,0.013290152595543813,12.19356474456753
0.9639234567726989,5.313494863171644,0.930117670100186,4.9085262903027775
0.34173058687535607,1.8567484747189122,0.2473869636080551,1.7744092688607926
0.5781068172925828,4.383215232763357,0.5125162387142845,4.477678994533728
0.5493353285504282,7.515291389799855,0.6346385904260783,8.945349163543538
0.9693431827824577,8.066261854892586,0.9969804931536396,59.99999999968953
0.49775612927214685,6.52200646869044,0.46575399331675443,7.041942941177302
0.6636430499026881,8.700816689375522,0.7346099195651472,10.115488257093288
0.02873598349308737,31.658797151725302,1.0,6.690492793299872
0.19292042838530998,1.870824741084471,0.17325196565626869,1.7555500203266925
0.29587014078716534,1.9346867047216285,0.32305055812945993,2.084120234745599
0.03949357880683846,0.9890130208060384,0.061377889482304764,1.0
0.8929877477110965,19.194581996740474,0.9696870509112498,59.98554050392938
0.8829781716170026,23.254582352351324,0.8204115642360832,17.986704480578304
0.0555826089138195,16.742261149310263,0.08063210075076695,16.447066098777878
0.8412816915797262,4.823746704757515,0.8205504450642828,4.8769020968170205
0.06897941359468462,40.450205088203155,0.03996335641815967,59.99997233432855
0.6218815918269016,9.283876997834868,0.5464868653374378,9.164220748469038
0.22269806657997715,10.672496882631169,0.21270779633408277,10.331909387018305
0.5989050158600432,15.33782139578338,0.5585378746819297,13.89671176960349
0.5645306702349715,9.309392297775219,0.5244674197708048,8.223617328012079
0.0663912976771619,33.39784904466342,0.03205968382430765,60.0
0.28812335443664894,9.353434535141226,0.3165953191131028,8.474360818008265
0.7504415582489121,4.749881240619387,0.7524174045500333,5.168745652755412
0.2852623440174308,2.5190336984637147,0.3191664596130163,2.6556989110766467
0.6134618150920897,15.582170294131481,0.5318428429607351,12.175025570566056
0.18687742641091465,11.564875490564868,0.3224202318534546,11.13945282313929
0.6982329420820228,10.37681252647225,0.638302572843712,9.897508752091014
0.06960072243221682,13.092952326449947,0.07760916932054354,13.932161203813942
0.6308082102686968,0.7778457223406599,0.48363180244774456,1.0
0.7928398916759951,8.425589537390598,0.7712907873370695,7.607686589630344
0.3444439181618125,25.752525782332793,0.340514310043921,18.039261175189083
0.9672194053820677,16.310780830839068,0.9909564131864057,60.0
0.11285307580416837,9.471210648145272,0.1415355173217812,9.254162340727216
0.04402414804288346,6.366937503543744,0.0232647947921673,8.304223586438127
0.17620696263951596,3.529264094922548,0.13493544356667062,3.9587751725384317
0.5038562886507407,0.7443643960842622,0.1991589814642718,1.0
0.9779307640899914,14.135662445183995,0.9985250350697363,60.0
0.5536479948809507,4.612830910785109,0.5529587081964387,4.860562729938164
0.7488629492598879,0.7802312682449484,0.5870589571393157,1.0
0.5166728855060742,2.2220479384912175,0.642936123406974,2.0449043036454166
0.1266696118452637,22.371806001859706,0.15358617754411408,25.89254035712496
0.10096050632814613,4.453988935171637,0.08275820873407969,4.336885753035905
0.9596547499855115,7.691570220449545,0.929372570604207,7.672629469160784
0.3549664104733796,6.974920100988179,0.2814916294888867,6.963170733335977
0.3887902725179103,8.598888888051063,0.3242606184024475,7.893936341953197
0.7866050171553117,10.864724456372226,0.807749061749808,10.427926673148074
0.01986714640782894,7.308812706562496,0.013201311162192827,8.007209709197344
0.4381765605745951,21.125794903086963,0.6872573855994619,47.030101361206135
0.9794028900763587,4.712835707814461,0.9799187457212125,4.50327054304196
0.032646865728432006,20.093663835048954,0.061379364660398526,16.717327979538503
0.610808217581384,18.30240120934073,0.5992494335745733,17.146524283630924
0.7606382431545874,10.376638366175847,0.6505380833190025,9.741518192105477
0.8515411812201523,6.631853282093928,0.8540601696052151,7.1266538604227305
0.8429902872369741,10.810260533064875,0.9676758347061103,59.939459585020664
0.404515533500162,2.112624987006196,0.4396210701465607,2.056058979896342
0.3289309106955379,16.38852623146128,0.3213222909417731,13.35369588205045
0.5999940912025009,30.506359786478363,0.5181970855418574,27.682069595118897
0.9572414720128278,10.651208008236491,0.9893939633322394,60.0
0.8897591949953398,6.152684376996196,0.9865996531558264,59.99999998655898
0.3145577118811511,26.81783942063515,0.40020315790702526,60.0
0.06860352070675502,9.037076847357362,0.07665172279301233,8.94829630805914
0.9360486705978861,3.58422337495734,0.9384129988445223,3.8222832096208856
0.22387346853147283,0.004113021572531754,0.01,1.0
0.20486753277760883,12.851943472766598,0.09040361701221597,14.98335935243921
0.5886155527671628,7.744882113614287,0.5312474922288533,7.097068903014381
0.6043129752113802,2.572937918147419,0.6731150118658933,2.698054057668976
0.9701525786430879,16.396296706776855,0.988408611253755,60.0
0.42943070023029917,8.415961674555353,0.32280236143274915,8.381818819475402
0.005810319711406331,2.5645335537410014,0.01,2.113315431707527
0.9065297431651611,32.48434729380945,0.950502505082216,59.99999996555717
0.9918428614265565,22.518788565487945,0.9995658327632329,60.0
0.38654550997330595,39.52107950928243,0.419260038356306,43.34621259414829
0.6943984893400842,15.656502113442691,0.5630154583013873,10.930927266760735
0.39887427232924455,3.5098600078916613,0.46984504513462,3.574207535990209
0.5170866404771226,9.348776345001713,0.6401058854361024,12.973808872342286
0.6384339666970342,4.965932603339303,0.5850955255450249,4.9543989312480035
0.06495018457143298,14.428163445843847,0.029405121919533223,18.60202987476357
0.06130816521384386,12.187301985254319,0.05372355922346949,12.767263498299876
0.2978589257089521,2.3660307550989503,0.30457376796642666,2.182957115728437
0.551171043372399,32.5765843998594,0.5847887280497466,30.074792279208125
0.19965644615522649,22.841078532031155,0.25343297989986485,28.957153479037583
0.42507166944655395,2.8200792844131986,0.3582189942921593,2.6461857002582545
0.03658457575994878,3.1025916075643902,0.024443692644677828,3.247068813105236
0.8779275739692284,6.749793263813846,0.8391737366389057,5.421382429003625
0.5089379516889734,4.150693951385964,0.46962429172958525,4.14074402891667
0.9121041823117589,2.8137613117435887,0.9791152837436171,2.519605973378425
0.6288151887570927,13.973267409577904,0.4997959605202195,10.13496666397863
0.7717903895925957,38.15987175784698,0.6312594499909566,21.382095103106163
0.4282000933938058,13.161240501000615,0.3225752705175409,14.741864670837911
0.20099532622924476,2.7550304659291296,0.1996952683020381,2.7591620170416844
0.5347180074411265,9.192724464525705,0.51486697253748,9.57747855404879
0.8119848620265774,3.726794373398686,0.8172888318100484,4.048909498684071
0.7933525313350472,6.729412072088357,0.779679506783165,6.683188182378922
0.6512585078501258,3.459672303665991,0.6652328655432578,3.968530210907083
0.4239504395542042,7.268600915180872,0.4560761073532538,7.876438025757463
0.4218811712089955,11.895151848044343,0.6628227684183287,27.849029217318996
0.8696101595925463,14.66896427483675,0.9685887861567708,59.98777706714222
0.9549499073578619,0.6987172182788538,0.5994554929384177,1.0
0.9649595874165771,16.147190063359062,0.9823991774227341,59.999999976940245
0.41809321257301424,15.07689112084423,0.3485434076394292,15.173710382990613
0.34287938145391084,6.722731905853827,0.35103953997269016,6.808986692102567
0.3402485687462877,40.6054352309844,0.39283707923034206,60.0
0.634478364090815,17.442320526993733,0.8287014506716958,59.99998404813242
0.9810783862931602,7.042518024505401,0.9934958130508703,6.568244117266031
0.9096996325282167,21.28734649391708,0.9647736974708973,59.999909786514486
0.5812317655957363,2.0932530382322154,0.6028077187124703,2.079877801966526
0.1791001427813944,14.370858814553937,0.24760011237947616,29.59715206607261
0.9443073998861595,2.90371022331646,0.9528066127941449,2.942197604256804
0.5696681490769833,2.8492889301789344,0.5519439222173905,2.9839001048774785
0.15090976214405805,4.114697422015616,0.16073780786016048,4.293929021982705
0.01659605675453435,5.5397427903946905,0.011637724519240585,6.105196974215074
0.08671479059943066,7.3663784707209015,0.06545225804216044,8.833224762647603
0.6383332433751586,19.337692885279004,0.5949573742497997,23.99611830969595
0.10110605631321157,1.1984477457930645,0.15186327917984063,1.2385953264980318
0.0895942436320385,6.98872230222776,0.04137934561915649,9.22420275810108
0.655935580070387,0.3064256740967268,0.01,1.0
0.5973095704474577,8.735372883362494,0.5108158287310246,7.1242580875024535
0.4954108475521589,25.880332835030767,0.3400848607899918,23.465344848878626
0.9933329801484564,7.039674061033805,1.0,60.0
0.6968821873889293,11.83776862401643,0.6939418004811407,11.915151863699634
0.32864927339832206,1.4042778392633322,0.3468594738352535,1.212874724987322
0.7041496861510279,0.8063632584996033,0.4627110101745862,1.0
0.5914935600178359,7.3593736584503375,0.6521075458716356,8.469368063630226
0.6347269128912736,6.093229707937027,0.6698224345763415,5.473850025781052
0.9539002523545586,20.943471268453692,0.9842365368770847,60.0
0.1879452920138278,6.422433179770833,0.20053194877243566,6.0934226758033025
0.22463262946454032,10.937632815000997,0.15747491300757016,10.374327576764166
0.23574851182961143,9.926035811463198,0.21190388751953046,11.362072178135703
0.10270526779520373,9.927113345676604,0.04371345163856351,15.803157611444746
0.3970074160736029,3.969747038171574,0.3899646769922214,4.089576692807059
0.7366283491936242,5.312013515323035,0.705318168415718,5.206420363774982
0.1786027982582994,2.610166323797776,0.233117544542516,2.755516567279984
0.20631688449458097,8.253676259897585,0.28692116344177054,7.909111372831578
0.6921016522273833,46.374751718457546,0.6148059585389103,26.113325520616122
0.8188503823162274,1.4861312176508141,0.7370467765376997,1.4737898048397762
0.2005466374560364,5.118957763951473,0.20614424683434063,5.187572313700194
0.1713080005964447,3.759845586366751,0.1254311368656306,3.7630197733223762
0.3710113851277477,5.284776335549065,0.40824739414375605,5.056866967126466
0.9445973392868107,4.950866296853677,0.9200166475201262,5.169039681617405
0.011105539527749064,2.4327637443034074,0.01,2.737948276388835
0.5090212911751146,1.700099494151737,0.5109535021128041,1.6311637449618952
0.7322491901953319,23.68031462034567,0.8231083456377605,59.99944118028011
0.09857749904450175,31.62695500629724,0.08667297662394083,60.0
0.12639070001249963,8.904981268913382,0.18382453221215678,7.925813147053909
0.21776598328382535,7.603872645341721,0.20494778955423334,7.351125617636601
0.5963953569672102,0.4894724867065647,0.01,1.0
0.6650443770109346,80.08333295462592,0.4892727561166972,39.07638737468885
0.7802430255276573,14.944797924333956,0.7554059920369817,13.486848279151216
0.5635281900509129,1.4572448698590108,0.6309840475253392,1.4820589049592077
0.2512324239387991,10.012979594271503,0.33128473562496713,9.24438694296387
0.0899337155637081,14.115452511933395,0.04103140476124043,19.01366234551438
0.49260019261822396,11.108585690128983,0.40293305857270384,13.641611096533548
0.015992104769316673,11.763570948072113,0.017160938861205767,12.246278703478689
0.8243300090809611,17.949768062604637,0.7512185187294141,12.812517557215715
0.7161013041273495,2.359008538965319,0.6549960062764415,2.722094759522678
0.371335309597832,9.384040694845995,0.4147997363012637,8.368970443250307
0.7822753094721075,10.555352734734935,0.8318492845717864,15.656262885254886
0.6566448054087433,4.2823700049541555,0.604306993484225,4.431684900441075
0.19178373950490457,14.33083479480393,0.18101623284195179,16.361630257206976
0.6077437264882376,17.93915729638828,0.6672920040661192,18.127467284231724
0.06316093344640805,6.708149989997523,0.05020883418672959,6.312706008775069
0.27119441978129755,3.5605007407169955,0.19646774841850134,3.4608144807755363
0.6342937331865671,13.01706914519054,0.7381115557484476,18.60598181300571
0.7123965390801216,20.361732232063552,0.9091167109218387,59.98351888167308
0.6781304065938741,10.464623347956438,0.948586238431224,59.987263496792465
0.884975804091681,19.523356356895263,0.9666983155408664,59.9999999286115
0.5334071513810273,17.95215829482203,0.7582205258157169,60.0
0.312398720299489,5.510022258069187,0.2890522434946781,5.34219280139434
0.8868860626900493,32.60707092875533,0.941093312966153,59.77241214330839
0.9136382007391696,1.817282735274151,0.8221537940687245,1.9016059860261054
0.3431989413979941,21.009714914991786,0.2972195217973384,39.351736094636834
0.5909524267805388,0.8678581792989472,0.01,1.0
0.8379877926951464,5.757553538927308,0.8175412103485513,6.009183321166552
0.9739001448655108,14.862835179728453,0.9968551494487705,60.0
0.1495879894640837,6.361927967754093,0.18666931545496895,6.060378830195038
0.3834942673677768,3.479174065408274,0.4410976412618061,3.20128065638067
0.2771086010051802,3.649994376545295,0.22991361214452968,3.591662486677225
0.2095444393221264,20.261556587404854,0.2604236013118214,29.697557501156236
0.7343155254234234,0.31909575656586336,0.01,1.0
0.21286103258180888,7.058726561140415,0.2093652255297321,7.30159282563627
0.9858950895363091,33.85969108818572,0.9909714256618912,59.99999999033844
0.217892652083148,3.8498339187131174,0.1742277748709706,3.6850978124915486
0.4345917306326311,15.64770013985786,0.6605225667009212,43.728999297962545
0.7684385985091434,0.04153095390228457,0.01,1.0
0.13876669309152112,26.704608795880887,0.14070421827694177,24.28028725760513
0.4996076248712288,4.347301125029804,0.46230943736760083,4.42045024526478
0.5874006475884838,1.9928414578959361,0.7309845693372281,1.85179121173283
0.6606538868569597,21.402347603739983,0.6313813357896442,19.547929297183554
0.003091312806402291,10.832826289606057,0.01,7.013230696356635
0.42757474150981944,20.279159554560326,0.4895762421361426,58.764938946803134
0.3951995825275959,1.637268202349118,0.31514063915277,1.4493424794438687
0.922638582028713,1.2484280870652467,0.835437747123386,1.1946785501664254
0.69093905261149,3.555365812955598,0.7036040336385754,3.7370675616734927
0.9592014654228148,8.754643515699591,0.9918350355602921,59.99999998040173
0.6436078110887923,6.966563679568814,0.7104867682628497,7.597173562538885
0.06312662946733427,0.34029213167084993,0.01,1.0
0.00869234186316692,3.397388550108087,0.010377057670234786,3.3325419008814507
0.1395058740179449,14.147657861274645,0.24776973779538247,11.519801873603297
0.32084980284643894,4.552685395925542,0.2998981758868163,4.409031192772322
0.12179774163712942,4.694764731601305,0.15752857957041913,4.817422925635196
0.21214458639622236,2.7845857166047376,0.209540562428514,2.8820725106388876
0.211607247129455,1.8005561222325897,0.22171493110655766,1.8200110865851076
0.7623832555849118,1.341781776071339,0.75432543981056,1.3785623444854491
0.057071784223385436,34.67471179215019,0.06351511490989095,60.0
0.4341526156405179,29.783746369496118,0.01,27.753272609955243
0.047459197578911594,0.8428567388623402,0.017982299021766054,1.0349391851189813
0.1204740327095899,14.761676947752402,0.19918458206413334,18.867993081806972
0.4234708000569175,5.129981169737238,0.4678594624277645,4.85372999089456
0.25548918625936345,1.6082039908509962,0.34837372389230475,1.5791503775090934
0.09780569064470956,2.576422471748823,0.08671159951386322,2.6417234089965
0.9549340684749593,14.496122179874275,0.9896425027305481,60.0
0.553453020767108,0.2853206550981062,0.01,1.0
0.5330916448125803,9.535304511188084,0.5486692863910614,7.517975253066654
0.9049612475119518,5.346413288966497,0.9507608009605251,5.359939610335917
0.24695679497309786,31.864820581651063,0.24810364374529933,28.427242807664015
0.9106352235694609,0.9461829742700113,1.0,1.0
0.5090990409287319,12.071322717387137,0.40859412721838695,13.422959025561706
0.06531254586708746,12.389661785587418,0.07327436006890617,12.652299836009423
0.20758308804233716,5.720034491189998,0.26999528330373834,5.3352171268254525
0.721052512298817,16.14383324878476,0.5576644295026639,10.264732925044004
0.20336024886765813,0.06592859306880858,0.01,1.0
0.28354667396648536,10.9558080291583,0.271803297292385,10.226164164445649
0.36064585505479385,1.5250758129234763,0.3659676796686193,1.4511914942582627
0.6572903556515339,0.4810314341975346,0.01,1.0
0.7027384778873389,2.1746530473949837,0.635745255908597,2.2905833985576836
0.17924434419034407,13.153801164386238,0.27516176102605117,12.616716889751482
0.5468059570585989,18.22038682822904,0.4881921879975756,15.301392595771313
0.4089466799287278,7.117766086218587,0.43522570456372506,6.633733201151039
0.14025156854339382,1.032109014400047,0.2643621854645774,1.0
0.21534417614131207,6.038495918745195,0.2360434261869957,5.768830734795558
0.4101080462555311,2.852815927641669,0.38710568952375185,3.020074394674541
0.6139553952023051,15.705016348937308,0.5889638886042142,18.681781691161103
0.9907120147072057,1.5733006966079224,1.0,1.5878206714149992
0.3478298631483947,11.49307004228552,0.27112621919642,10.26495167531793
0.3667853067003002,3.8969758920215525,0.36132917763439415,3.8479208169991037
0.7879339680350365,2.4175760160466195,0.8316301229475607,2.4833588198093945
0.9584841015393197,11.264515349516792,0.9912472999056917,59.999999995087336
0.11924744308385404,10.963322998200724,0.12447219444845814,10.261808318838838
0.2092354858564942,9.331534138577117,0.2327675976742867,10.464787261133532
0.8643410750673838,6.479713895549649,0.8267830665489396,6.152167849134779
0.5265198579103629,31.275246415555507,0.5224730679280458,60.0
0.7913043389921579,6.233041712038679,0.8204878631513148,6.378222967498892
0.9792524232417922,0.38756529103992604,0.01,1.0
0.17510388094520601,7.363853227295632,0.1526991629215358,6.5940581537191365
0.6259779742104504,0.18581203057376924,0.01,1.0
0.22111213673220909,11.178857039700445,0.1726051482240215,11.80906337932924
0.5664611745188566,3.326831858963089,0.5773218970645783,3.3055797227993904
0.4681749559539151,2.8657725500904787,0.4359992952880175,2.788631932447406
0.9091114381794094,0.3739305353954915,0.01,1.0
0.5944287089805101,10.08579290662638,0.5850602028385478,10.200997109196553
0.6357897962287078,7.37749396148407,0.6499797799924409,7.5915289632653975
0.8829508996236654,9.015908097798793,0.975498847145722,59.98487109755429
0.3948927833052299,3.897997361532587,0.424956889538234,3.828091962415093
0.41038698423674413,11.488681935952734,0.5007099522500865,14.64795953830775
0.02152334654473753,11.010068665888655,0.03534235013600838,8.752750423383672
0.9325960293511649,4.644405894210546,0.886645098019457,4.889823160921544
0.473020250702084,39.85784352214302,0.3867159379653579,60.0
0.6121117891004485,12.317111941155153,0.6020870263822492,10.504898906951208
0.5051451022638643,14.71718448372341,0.4674914036744444,12.7907924574472
0.9303114035433272,5.517270364857422,0.9269373993572828,6.066278265013579
0.7693492863267457,2.3426885613090622,0.8049013332005012,2.254436300523373
0.2931762759749713,19.244420189079683,0.38861192347484225,34.90641548245789
0.6417909075497625,11.12754758128127,0.5227085451001325,8.20991346732975
0.8517943599142714,6.980990474302865,0.836802611286329,7.003548077183962
